Frame,X_img,Y_img,visible
1,1422.9,495.9,1
4,1421.3,508.3,1
7,1420.3,523.0,1
10,1418.8,534.0,1
13,1419.0,548.9,1
16,1420.8,561.1,1
19,1425.8,572.6,1
22,1433.6,584.3,1
25,1439,594,1
28,1428,596,1
31,1420.2,594.8,1
34,1414.2,594.9,1
37,1409.9,596.6,1
40,1409.8,598.4,1
43,1410.5,600.5,1
46,1384.5,603.8,1
49,1269.8,618.7,1
52,,,0
55,1068,649,1
58,987.0,665.0,1
61,911.7,682.0,1
64,839.9,697.2,1
67,778.3,709.2,1
70,719,719,1
73,719,674,1
76,727.0,624.9,1
79,738,603,1
82,747,584,1
85,736,577,1
88,734,575,1
91,733,547,1
94,740,534,1
97,743.2,535.5,1
100,749.6,526.4,1
103,756.3,518.9,1
106,756,522,1
109,733.8,527.1,1
112,712.3,535.2,1
115,699.5,537.9,1
118,690.9,542.0,1
121,712,507,1
124,766,424,1
127,807,368,1
130,840,326,1
133,863,295,1
136,,,0
139,,,0
142,,,0
145,,,0
148,,,0
151,,,0
154,,,0
157,,,0
160,1031,320,1
163,,,0
166,,,0
169,,,0
172,1065,352,1
175,,,0
178,1059,354,1
181,1052,353,1
184,1052,353,1
187,1047,347,1
190,1038,348,1
193,1029,349,1
196,1017,353,1
199,1016,351,1
202,1014,357,1
205,1010,357,1
208,1001,354,1
211,1003,360,1
214,998,362,1
217,1000,363,1
220,999,363,1
223,991,358,1
226,977,355,1
229,961,354,1
232,952,349,1
235,942,351,1
238,935,346,1
241,928,343,1
244,923,341,1
247,905,333,1
250,876,338,1
253,,,0
256,837,329,1
259,826,325,1
262,819,326,1
265,772,341,1
268,,,0
271,,,0
274,,,0
277,,,0
280,,,0
283,,,0
286,,,0
289,,,0
292,,,0
295,,,0
298,,,0
301,,,0
304,,,0
307,,,0
310,,,0
313,,,0
316,,,0
319,,,0
322,,,0
325,,,0
328,,,0
331,,,0
334,,,0
337,,,0
340,,,0
343,,,0
346,,,0
349,,,0
352,,,0
355,,,0
358,,,0
361,,,0
364,,,0
367,,,0
370,,,0
373,,,0
376,,,0
379,,,0
382,,,0
385,,,0
388,,,0
391,,,0
394,,,0
397,,,0
400,,,0
403,,,0
406,,,0
409,,,0
412,,,0
415,,,0
418,,,0
421,,,0
424,,,0
427,,,0
430,,,0
433,,,0
436,,,0
439,,,0
442,,,0
445,,,0
448,,,0
451,,,0
454,,,0
457,,,0
460,,,0
463,,,0
466,,,0
469,,,0
472,,,0
475,,,0
478,,,0
481,,,0
484,,,0
487,,,0
490,,,0
493,,,0
496,,,0
499,,,0
502,,,0
505,,,0
508,,,0
511,,,0
514,,,0
517,,,0
520,,,0
523,,,0
526,,,0
529,,,0
532,,,0
535,,,0
538,,,0
541,,,0
544,518,382,1
547,522,376,1
550,528,371,1
553,531,365,1
556,532,358,1
559,532,356,1
562,538,357,1
565,547,357,1
568,562,357,1
571,570,355,1
574,576,355,1
577,580,355,1
580,583,355,1
583,588,353,1
586,593,353,1
589,594,358,1
592,596,359,1
595,596,359,1
598,593,359,1
601,590,358,1
604,590,358,1
607,582,357,1
610,575,356,1
613,570,356,1
616,568,353,1
619,559,352,1
622,546,355,1
625,541,354,1
628,538,353,1
631,537,354,1
634,535,359,1
637,529,362,1
640,519,361,1
643,506,361,1
646,496,371,1
649,486,375,1
652,470,386,1
655,460,403,1
658,438,426,1
661,427,452,1
664,419,491,1
667,411,521,1
670,399,562,1
673,391,630,1
676,385,710,1
679,373,784,1
682,,,0
685,,,0
688,,,0
691,,,0
694,,,0
697,,,0
700,,,0
703,,,0
706,,,0
709,,,0
712,,,0
715,,,0
718,,,0
721,,,0
724,,,0
727,,,0
730,,,0
733,,,0
736,,,0
739,,,0
742,,,0
745,,,0
748,,,0
751,,,0
754,,,0
757,,,0
760,,,0
763,,,0
766,,,0
769,,,0
772,,,0
775,,,0
778,,,0
781,,,0
784,,,0
787,,,0
790,,,0
793,,,0
796,,,0
799,765,782,1
802,772,794,1
805,893,793,1
808,1037,810,1
811,1129,852,1
814,1205,845,1
817,1258,815,1
820,1308,805,1
823,1345,814,1
826,1366,832,1
829,1422,820,1
832,1455,811,1
835,1488,817,1
838,1515,823,1
841,1552,808,1
844,1562,814,1
847,1572,797,1
850,1565,784,1
853,1565,782,1
856,1565,782,1
859,1568,781,1
862,1589,752,1
865,1630,720,1
868,1648,687,1
871,1661,659,1
874,1681,628,1
877,1687,616,1
880,1687,602,1
883,1681,604,1
886,1673,604,1
889,1663,597,1
892,1643,584,1
895,1638,578,1
898,1636,572,1
901,1634,570,1
904,1626,558,1
907,1616,544,1
910,1583,502,1
913,1560,471,1
916,1533,448,1
919,1517,427,1
922,1501,412,1
925,1487,398,1
928,1468,384,1
931,1455,371,1
934,1443,366,1
937,1431,364,1
940,1421,364,1
943,1411,362,1
946,1408,359,1
949,1403,357,1
952,1403,357,1
955,1398,349,1
958,1391,343,1
961,1328,326,1
964,1255,302,1
967,1191,279,1
970,1151,261,1
973,1103,247,1
976,1068,230,1
979,1048,227,1
982,,,0
985,996,200,1
988,997,201,1
991,993,195,1
994,983,191,1
997,983,192,1
1000,983,192,1
1003,,,0
1006,970,184,1
1009,962,178,1
1012,954,170,1
1015,,,0
1018,,,0
1021,,,0
1024,,,0
1027,,,0
1030,,,0
1033,,,0
1036,,,0
1039,,,0
1042,922,191,1
1045,906,185,1
1048,893,181,1
1051,878,182,1
1054,857,183,1
1057,838,184,1
1060,820,190,1
1063,808,192,1
1066,788,195,1
1069,778,199,1
1072,768,207,1
1075,715,232,1
1078,682,281,1
1081,649,337,1
1084,634,359,1
1087,615,386,1
1090,602,429,1
1093,691,381,1
1096,836,318,1
1099,983,263,1
1102,1094,229,1
1105,1181,213,1
1108,1297,199,1
1111,1385,213,1
1114,1446,235,1
1117,1500,266,1
1120,1550,275,1
1123,1591,254,1
1126,1618,243,1
1129,1650,244,1
1132,1681,254,1
1135,1698,263,1
1138,1722,247,1
1141,1742,258,1
1144,1745,259,1
1147,1756,273,1
1150,1761,261,1
1153,1766,248,1
1156,1785,258,1
1159,1805,255,1
1162,1826,256,1
1165,,,0
1168,,,0
1171,,,0
1174,,,0
1177,,,0
1180,,,0
1183,,,0
1186,,,0
1189,,,0
1192,,,0
1195,,,0
1198,,,0
1201,,,0
1204,,,0
1207,,,0
1210,,,0
1213,,,0
1216,,,0
1219,,,0
1222,,,0
1225,,,0
1228,1803,285,1
1231,1814,296,1
1234,1825,293,1
1237,1825,307,1
1240,1831,329,1
1243,1823,336,1
1246,1821,344,1
1249,1821,344,1
1252,1809,355,1
1255,1795,360,1
1258,1783,369,1
1261,1768,365,1
1264,1761,366,1
1267,1761,366,1
1270,1761,368,1
1273,1761,369,1
1276,1735,392,1
1279,1725,408,1
1282,1709,426,1
1285,1691,450,1
1288,1677,469,1
1291,1668,491,1
1294,1643,508,1
1297,1632,519,1
1300,1611,546,1
1303,1599,546,1
1306,1618,513,1
1309,1634,501,1
1312,1644,468,1
1315,1652,452,1
1318,1658,441,1
1321,1670,423,1
1324,1675,405,1
1327,1680,401,1
1330,1680,394,1
1333,1679,386,1
1336,1679,380,1
1339,1684,366,1
1342,1683,361,1
1345,1683,367,1
1348,1681,367,1
1351,1678,364,1
1354,1675,361,1
1357,1672,359,1
1360,1675,364,1
1363,1675,367,1
1366,1675,370,1
1369,1677,373,1
1372,1677,380,1
1375,1672,378,1
1378,1660,396,1
1381,1658,420,1
1384,1654,450,1
1387,1656,493,1
1390,1662,502,1
1393,1662,530,1
1396,1659,560,1
1399,1662,574,1
1402,1654,576,1
1405,1644,575,1
1408,1634,577,1
1411,1605,579,1
1414,1579,583,1
1417,1556.9,584.2,1
1420,1544.5,585.4,1
1423,1535.9,587.5,1
1426,1528.2,589.8,1
1429,1520.8,591.0,1
1432,1517.1,593.5,1
1438,1497.2,603.7,1
1441,1482.3,612.5,1
1444,1472.1,618.8,1
1450,1439.5,629.0,1
1453,1397.5,629.5,1
1456,1367.0,629.3,1
1459,1339.0,631.3,1
1462,1321.8,633.0,1
1465,1304.2,636.6,1
1468,1285.5,641.5,1
1471,1255,656,1
1474,1249,694,1
1477,1226.8,722.5,1
1480,1207.4,759.1,1
1483,1189.9,792.7,1
1486,1169,836,1
1489,1150,845,1
1492,1134,867,1
1495,1117.4,858.0,1
1498,1105.5,857.7,1
1501,1095.1,859.0,1
1504,1085.7,862.7,1
1507,1038.6,856.2,1
1510,945.2,838.0,1
1516,752.2,800.2,1
1519,675.9,785.7,1
1522,617.2,773.9,1
1525,568.4,762.0,1
1528,539,747,1
1531,539,752,1
1534,540,757,1
1537,540,757,1
1540,540,757,1
1543,565,762,1
1546,579,763,1
1549,596,766,1
1552,619,765,1
1555,640,765,1
1558,665,765,1
1561,694,752,1
1564,750,729,1
1567,792,709,1
1570,818,710,1
1573,853,697,1
1576,876,680,1
1579,,,0
1582,,,0
1585,,,0
1588,1011,644,1
1591,1048,652,1
1594,1085,644,1
1597,1107,637,1
1600,1134,637,1
1603,1153,617,1
1606,1128,521,1
1609,1104,445,1
1612,1088,370,1
1615,1073,314,1
1618,1067,282,1
1621,1059,255,1
1624,1048,212,1
1627,,,0
1630,,,0
1633,,,0
1636,,,0
1639,,,0
1642,,,0
1645,990,223,1
1648,996,235,1
1651,982,240,1
1654,989,229,1
1657,989,238,1
1660,989,238,1
1663,989,238,1
1666,975,237,1
1669,974,237,1
1672,966,238,1
1675,966,233,1
1678,960,241,1
1681,950,248,1
1684,950,250,1
1687,946,263,1
1690,941,265,1
1693,929,274,1
1696,928,279,1
1699,922,277,1
1702,916,283,1
1705,,,0
1708,,,0
1711,,,0
1714,844,284,1
1717,828,266,1
1720,813,278,1
1723,797,280,1
1726,,,0
1729,707,362,1
1732,657.5,390.9,1
1735,630.8,420.1,1
1738,597.0,463.7,1
1741,647,388,1
1744,712,230,1
1747,,,0
1750,,,0
1753,,,0
1756,,,0
1759,,,0
1762,,,0
1765,,,0
1768,,,0
1771,,,0
1774,,,0
1777,,,0
1780,,,0
1783,,,0
1786,,,0
1789,,,0
1792,,,0
1795,1211,198,1
1798,1238,267,1
1801,1260,287,1
1804,1272,243,1
1807,,,0
1810,,,0
1813,,,0
1816,,,0
1819,,,0
1822,,,0
1825,,,0
1828,1344,214,1
1831,1351,258,1
1834,1354,267,1
1837,1357,243,1
1840,1364,222,1
1843,,,0
1846,,,0
1849,,,0
1852,,,0
1855,,,0
1858,,,0
1861,,,0
1864,,,0
1867,,,0
1870,,,0
1873,,,0
1876,,,0
1879,,,0
1882,,,0
1885,,,0
1888,,,0
1891,,,0
1894,,,0
1897,,,0
1900,,,0
1903,,,0
1906,,,0
1909,,,0
1912,,,0
1915,,,0
1918,,,0
1921,,,0
1924,,,0
1927,,,0
1930,,,0
1933,,,0
1936,,,0
1939,,,0
1942,,,0
1945,,,0
1948,,,0
1951,,,0
1954,,,0
1957,,,0
1960,,,0
1963,,,0
1966,,,0
1969,,,0
1972,,,0
1975,,,0
1978,,,0
1981,,,0
1984,,,0
1987,,,0
1990,,,0
1993,,,0
1996,,,0
1999,,,0
2002,,,0
2005,,,0
2008,,,0
2011,,,0
2014,,,0
2017,,,0
2020,,,0
2023,,,0
2026,,,0
2029,,,0
2032,,,0
2035,,,0
2038,,,0
2041,,,0
2044,,,0
2047,,,0
2050,,,0
2053,,,0
2056,,,0
2059,,,0
2062,,,0
2065,,,0
2068,,,0
2071,,,0
2074,,,0
2077,,,0
2080,,,0
2083,,,0
2086,,,0
2089,,,0
2092,,,0
2095,,,0
2098,,,0
2101,,,0
2104,,,0
2107,,,0
2110,,,0
2113,,,0
2116,,,0
2119,,,0
2122,,,0
2125,,,0
2128,,,0
2131,,,0
2134,,,0
2137,,,0
2140,,,0
2143,,,0
2146,,,0
2149,,,0
2152,,,0
2155,,,0
2158,,,0
2161,,,0
2164,,,0
2167,,,0
2170,,,0
2173,,,0
2176,,,0
2179,,,0
2182,,,0
2185,,,0
2188,,,0
2191,,,0
2194,,,0
2197,1025.2,255.9,1
2200,1026.4,257.3,1
2203,1031.7,258.8,1
2206,1043.8,262.4,1
2209,1056.6,266.0,1
2212,1073.7,270.0,1
2215,1089.3,271.8,1
2218,1106.4,276.2,1
2221,1129.8,283.8,1
2224,1149.1,291.5,1
2227,1170.1,299.7,1
2233,1209.7,314.6,1
2236,1229.8,318.4,1
2239,1246.9,322.5,1
2242,1263.3,325.9,1
2248,1299.8,324.8,1
2251,1319.7,324.1,1
2254,1339.3,323.1,1
2257,1356.3,323.1,1
2260,1373.0,323.1,1
2263,1389.2,323.1,1
2266,1405.2,323.6,1
2269,1416.5,325.6,1
2275,1437.3,321.7,1
2290,,,0
2293,,,0
2296,,,0
2299,,,0
2302,,,0
2305,,,0
2308,1534.8,279.0,1
2311,1541.7,278.8,1
2317,1559,278,1
2320,1559,278,1
2323,1559,278,1
2326,1570,278,1
2329,1570,275,1
2332,1583,270,1
2335,1583,270,1
2338,1583,270,1
2341,1589,264,1
2344,1591,259,1
2347,1592,259,1
2350,1592,259,1
2353,1601.3,254.2,1
2356,1611,260,1
2359,1614,249,1
2362,1626,245,1
2365,1626,245,1
2368,1626,245,1
2371,1656,244,1
2374,1576,214,1
2377,1409,160,1
2380,1272,116,1
2383,1126,96,1
2386,994,99,1
2389,868,103,1
2392,759,138,1
2395,668,173,1
2398,566,249,1
2401,468,335,1
2404,394,428,1
2407,344,383,1
2410,306,363,1
2413,276,351,1
2416,246,373,1
2419,225,402,1
2422,204,447,1
2425,190,498,1
2428,171,501,1
2431,141,486,1
2434,180,536,1
2437,1061.2,338.9,1
2440,116,547,1
2443,117,585,1
2446,102,570,1
2449,106,581,1
2452,117,608,1
2455,174,629,1
2458,205,615,1
2461,219,607,1
2464,260,631,1
2467,289,631,1
2470,312,646,1
2473,326,644,1
2476,352,656,1
2479,498,667,1
2482,663,665,1
2485,750,674,1
2488,860,677,1
2491,942,676,1
2494,1025,681,1
2497,1116,679,1
2500,1136,692,1
2503,1176,701,1
2506,1143,641,1
2509,1100,605,1
2512,1067,579,1
2515,1027,530,1
2518,1001,507,1
2521,983,489,1
2524,972,473,1
2527,970,469,1
2530,949,449,1
2533,946,424,1
2536,940,466,1
2539,931,463,1
2542,931,463,1
2545,931,463,1
2548,922,461,1
2551,908,461,1
2554,901,461,1
2557,901,461,1
2560,901,461,1
2563,901,461,1
2566,890,461,1
2569,890,461,1
2572,850,449,1
2575,847,457,1
2578,847,457,1
2581,847,457,1
2584,811,452,1
2587,811,452,1
2590,811,452,1
2593,811,452,1
2596,801,452,1
2599,801,452,1
2602,792,451,1
2605,786,447,1
2608,786,447,1
2611,786,447,1
2614,774,446,1
2617,761,432,1
2620,734,429,1
2623,738,429,1
2626,738,429,1
2629,738,429,1
2632,738,429,1
2635,720,428,1
2638,678,413,1
2641,646,399,1
2644,628,391,1
2647,628,391,1
2650,599,385,1
2653,584,378,1
2656,572,373,1
2659,,,0
2662,,,0
2665,,,0
2668,,,0
2671,,,0
2674,,,0
2677,,,0
2680,,,0
2683,,,0
2686,,,0
2689,,,0
2692,,,0
2695,,,0
2698,,,0
